,dataset,mean,std
0,AUSLAN,0.861543859649123,0.015810668036523867
1,ArabicDigits,0.9742272727272727,0.0020025809792645955
2,CMUsubject16,0.9586206896551724,0.0300613720244184
3,CharacterTrajectories,0.9491399530883504,0.006219234790770155
4,ECG,,
5,JapaneseVowels,0.9205405405405406,0.01520255255181107
6,KickvsPunch,0.69,0.08306623862918076
7,Libras,,
8,NetFlow,0.9383895131086142,0.006564999304478671
9,UWave,0.7615942028985507,0.025433787829278118
10,Wafer,0.9877232142857144,0.005968634802286134
11,WalkvsRun,1.0,0.0
