,dataset,mean,std
0,AUSLAN,0.9691929824561404,0.006450416990202353
1,ArabicDigits,0.9883636363636364,0.0028108408788618928
2,CMUsubject16,0.9896551724137931,0.01580198515502012
3,CharacterTrajectories,0.9824081313526192,0.002610759633630038
4,ECG,0.8799999999999999,0.01483239697419134
5,JapaneseVowels,0.9616216216216216,0.008179862675903529
6,KickvsPunch,0.6799999999999999,0.12489995996796797
7,Libras,0.8727777777777778,0.012285191326386634
8,NetFlow,0.9490636704119849,0.0044943820224718715
9,UWave,0.8288920056100982,0.011617836986329805
10,Wafer,0.9829241071428572,0.003531091968650977
11,WalkvsRun,1.0,0.0
