,dataset,mean,std
0,AUSLAN,0.9692631578947368,0.0036706517419289723
1,ArabicDigits,0.9872727272727273,0.0024979330298244267
2,CMUsubject16,0.993103448275862,0.013793103448275845
3,CharacterTrajectories,0.9845582486317437,0.0035711873155931675
4,ECG,0.889,0.017000000000000015
5,JapaneseVowels,0.9678378378378378,0.006669709556352978
6,KickvsPunch,0.71,0.053851648071345064
7,Libras,0.9266666666666667,0.015674151088517625
8,NetFlow,0.9479400749063668,0.004170610009610458
9,UWave,0.8341748480598412,0.011809649021801545
10,Wafer,0.9858258928571427,0.00282566716544024
11,WalkvsRun,1.0,0.0
