,dataset,mean,std
0,AUSLAN,0.9865964912280702,0.003161012106541805
1,ArabicDigits,0.988409090909091,0.002163273460780134
2,CMUsubject16,0.9655172413793103,0.03448275862068968
3,CharacterTrajectories,0.9896012509773262,0.0014543452101436808
4,ECG,0.8930000000000001,0.01734935157289749
5,JapaneseVowels,0.9729729729729728,0.006163110405941218
6,KickvsPunch,0.6900000000000001,0.08306623862918076
7,Libras,0.921111111111111,0.01212079123848408
8,NetFlow,0.9475655430711608,0.0070068490389025295
9,UWave,0.9333099579242636,0.004358181879067611
10,Wafer,0.9907366071428572,0.002595915926252865
11,WalkvsRun,1.0,0.0
