,dataset,mean,std
0,AUSLAN,0.9494035087719299,0.006601342001470334
1,ArabicDigits,0.984409090909091,0.001186180759154572
2,CMUsubject16,0.9862068965517242,0.016893032708849485
3,CharacterTrajectories,0.9655112501085917,0.0028773338826651434
4,ECG,0.8619999999999999,0.010770329614269018
5,JapaneseVowels,0.9499999999999998,0.006192669858048427
6,KickvsPunch,0.7,0.11832159566199234
7,Libras,0.8466666666666667,0.007114582486036474
8,NetFlow,0.9252808988764045,0.0038787107073423627
9,UWave,0.8679523141654979,0.007881673551589771
10,Wafer,0.978125,0.0013392857142857355
11,WalkvsRun,1.0,0.0
