,dataset,mean,std
0,AUSLAN,0.9318596491228069,0.009248526456295866
1,ArabicDigits,0.9832272727272727,0.0016694879702006176
2,CMUsubject16,0.9896551724137932,0.02207973874976842
3,CharacterTrajectories,0.9864738076622362,0.0026925997431935422
4,ECG,0.891,0.025079872407968926
5,JapaneseVowels,0.9464864864864865,0.01759042172461943
6,KickvsPunch,0.6799999999999999,0.06000000000000001
7,Libras,0.8338888888888889,0.024400212506664177
8,NetFlow,0.949812734082397,0.004335519439247244
9,UWave,0.889387564282375,0.01107747786413832
10,Wafer,0.9911830357142858,0.004248407658632613
11,WalkvsRun,1.0,0.0
