,dataset,mean,std
0,AUSLAN,0.05340350877192982,0.01215656558391132
1,ArabicDigits,0.9833181818181818,0.001992237000073714
2,CMUsubject16,0.9517241379310344,0.016893032708849485
3,CharacterTrajectories,0.47255668491008596,0.05573187130880722
4,ECG,0.876,0.021071307505705496
5,JapaneseVowels,0.9037837837837837,0.04464288949179667
6,KickvsPunch,0.61,0.029999999999999992
7,Libras,0.36888888888888893,0.02666666666666668
8,NetFlow,0.944756554307116,0.0062250075425448175
9,UWave,0.749111734455353,0.047283899728073314
10,Wafer,0.9033482142857142,0.028125000000000035
11,WalkvsRun,1.0,0.0
