,dataset,mean,std
0,AUSLAN,0.8047017543859649,0.022925038762837954
1,ArabicDigits,0.9782272727272726,0.0027306796901592047
2,CMUsubject16,0.9379310344827585,0.03713906763541044
3,CharacterTrajectories,0.9342845973416732,0.012293440750644435
4,ECG,0.8710000000000001,0.022113344387496
5,JapaneseVowels,0.8862162162162163,0.029617725133347216
6,KickvsPunch,0.6699999999999999,0.04582575694955839
7,Libras,0.6711111111111112,0.04073400617738525
8,NetFlow,0.9342696629213483,0.005768884569569028
9,UWave,0.7150771388499298,0.04290154362024792
10,Wafer,0.9876116071428571,0.004773081424183728
11,WalkvsRun,1.0,0.0
