,dataset,mean,std
0,AUSLAN,0.9206315789473682,0.008240461249256127
1,ArabicDigits,0.9816818181818181,0.002506602850720414
2,CMUsubject16,0.9896551724137932,0.02207973874976842
3,CharacterTrajectories,0.9838154808444097,0.002726441872425732
4,ECG,0.9040000000000001,0.019595917942265423
5,JapaneseVowels,0.9391891891891891,0.012691196629052848
6,KickvsPunch,0.71,0.10440306508910553
7,Libras,0.82,0.0296273147243853
8,NetFlow,0.9464419475655429,0.007116104868913869
9,UWave,0.8901589527816738,0.009755390284548627
10,Wafer,0.9916294642857144,0.003607863811438489
11,WalkvsRun,1.0,0.0
