,dataset,mean,std
0,JapaneseVowels,0.9921621621621621,0.004089931337951727
