,dataset,mean,std
0,AUSLAN,0.8396491228070175,0.017358317103582165
1,ArabicDigits,0.9786363636363637,0.002430862174021974
2,CMUsubject16,0.9758620689655173,0.026931895434160844
3,CharacterTrajectories,0.9553948397185301,0.0042120824664879045
4,ECG,0.834,0.01743559577416268
5,JapaneseVowels,0.8835135135135136,0.01753427198195525
6,KickvsPunch,0.6599999999999999,0.11135528725660045
7,Libras,0.8522222222222222,0.017069212773041353
8,NetFlow,0.9395131086142321,0.00427442404888144
9,UWave,0.7014492753623187,0.015823891620503062
10,Wafer,0.9661830357142858,0.006546879185742174
11,WalkvsRun,1.0,0.0
