,dataset,mean,std
0,AUSLAN,0.980561403508772,0.0027725959670369883
1,ArabicDigits,0.9881818181818183,0.0008860722131644541
2,CMUsubject16,0.9965517241379309,0.010344827586206884
3,CharacterTrajectories,0.9776778733385456,0.0026308774602644414
4,ECG,0.877,0.012688577540449532
5,JapaneseVowels,0.9754054054054055,0.003513513513513503
6,KickvsPunch,0.6799999999999999,0.07483314773547885
7,Libras,0.9116666666666667,0.008766518798921933
8,NetFlow,0.9299625468164795,0.00496872627768595
9,UWave,0.9180224403927069,0.00482468669703604
10,Wafer,0.9814732142857142,0.0036061371476346763
11,WalkvsRun,1.0,0.0
