,dataset,mean,std
0,AUSLAN,0.9870877192982455,0.0036084098616652686
1,ArabicDigits,0.989090909090909,0.0018407687937560242
2,CMUsubject16,1.0,0.0
3,CharacterTrajectories,0.9899530883502738,0.0018256910756584443
4,ECG,0.8610000000000001,0.015132745950421569
5,JapaneseVowels,0.9637837837837837,0.006642273366186234
6,KickvsPunch,0.76,0.128062484748657
7,Libras,0.9377777777777776,0.01286204100310029
8,NetFlow,0.9485018726591761,0.006225007542544786
9,UWave,0.9162692847124824,0.006307723226002051
10,Wafer,0.9886160714285716,0.0009729685141831788
11,WalkvsRun,1.0,0.0
