,dataset,mean,std
0,AUSLAN,0.9644444444444444,0.013011400220045245
1,ArabicDigits,0.9880808080808081,0.0030737624352935146
2,CMUsubject16,0.9770114942528735,0.016255328303139003
3,CharacterTrajectories,0.9860133785075145,0.0019131887364734269
4,ECG,0.8966666666666667,0.009428090415820642
5,JapaneseVowels,0.9675675675675675,0.011179886167559282
6,KickvsPunch,0.6555555555555554,0.04969039949999531
7,Libras,0.8574074074074074,0.030316121377305376
8,NetFlow,0.7806908031627133,0.0024086219106929365
9,UWave,0.8535141031634721,0.00705921873330598
10,Wafer,0.9915674603174602,0.0023000045871765496
11,WalkvsRun,1.0,0.0
