,dataset,mean,std
0,AUSLAN,0.9665964912280703,0.006486579653777659
1,ArabicDigits,0.9915,0.0022179768906828556
2,CMUsubject16,0.9448275862068964,0.07100434579991034
3,CharacterTrajectories,0.9870602032838155,0.0015874855749997514
4,ECG,0.897,0.009000000000000008
5,JapaneseVowels,0.9702702702702701,0.017805047667027615
6,KickvsPunch,0.74,0.128062484748657
7,Libras,0.8416666666666668,0.030756912301480917
8,NetFlow,0.9574906367041198,0.006908564324230993
9,UWave,0.9242870500233753,0.008490423534710273
10,Wafer,0.9955357142857144,0.0027789954459796376
11,WalkvsRun,1.0,0.0
