,dataset,mean,std
0,ECG,0.8833333333333333,0.024944382578492966
1,Libras,0.7425925925925926,0.024982847339318597
