,dataset,mean,std
0,AUSLAN,0.9690526315789473,0.006792532970484907
1,ArabicDigits,0.9889090909090908,0.002449489742783214
2,CMUsubject16,0.9965517241379309,0.010344827586206884
3,CharacterTrajectories,0.9849882720875683,0.0023468852259270778
4,ECG,0.9033333333333334,0.016329931618554536
5,JapaneseVowels,0.9694594594594594,0.008022065989003109
6,KickvsPunch,0.72,0.0871779788708135
7,Libras,0.9261111111111111,0.01428328903575824
8,NetFlow,0.951518934665002,0.0038926939105013558
9,UWave,0.8388966806919121,0.00851442657384479
10,Wafer,0.9859375,0.003807750470810724
11,WalkvsRun,1.0,0.0
