,dataset,mean,std
0,AUSLAN,0.8788070175438596,0.011667075576530052
1,ArabicDigits,0.9762272727272727,0.004205712368781999
2,CMUsubject16,0.9758620689655171,0.01580198515502012
3,CharacterTrajectories,0.9663017982799064,0.005430416060730403
4,ECG,0.881,0.027367864366808037
5,JapaneseVowels,0.9108108108108107,0.010606171281269524
6,KickvsPunch,0.69,0.09433981132056607
7,Libras,0.8238888888888889,0.0508598898451592
8,NetFlow,0.9462546816479399,0.005983724834708009
9,UWave,0.7649135109864422,0.01630727577303135
10,Wafer,0.9756696428571429,0.0022209541006844055
11,WalkvsRun,1.0,0.0
